age;educ;percentual_change
15;1;0.956388064
20;1;0.961401215
25;1;0.968885606
30;1;0.977468414
35;1;0.983703562
40;1;0.983165528
45;1;0.987083267
50;1;0.987930819
55;1;0.98978557
15;2;1.006404312
20;2;1.003664338
25;2;1.001218498
30;2;0.997391725
35;2;0.9938752
40;2;0.990906794
45;2;0.988341327
50;2;0.987212816
55;2;0.98697565
